{"F1 score": 0.5434782608695652, "Accuracy": 0.7272727272727273}